,title,year,country,date
0,"Synecdoche, New York",2008,USA,2008-11-21
1,Close Encounters of the Third Kind,1977,Greece,1978-03-10
2,Brotherly Love,1928,Finland,1929-11-18
3,"My Son, My Son!",1940,Mexico,1940-05-23
4,The North Avenue Irregulars,1979,USA,1979-02-09
5,The Phynx,1970,USA,1970-05-06
6,Richard III,1912,USA,1912-10-15
7,To Live and Die in L.A.,1985,Spain,1986-05-14
8,The Fog,2005,USA,2005-10-14
9,Home (II),2015,Latvia,2015-03-20
10,Then She Found Me,2007,UK,2008-09-19
11,Fracture,2007,Hungary,2007-08-16
12,The Gay Deceiver,1926,USA,1926-09-19
13,Blood for Dracula,1974,Italy,1975-08-14
14,Orfeu Negro,1959,Finland,1960-10-14
15,Wanderkrebs,1984,Denmark,1986-03-17
16,Trapped,2002,South Korea,2002-11-29
17,Agguato a Tangeri,1957,Spain,1958-01-02
18,The Hundred-Foot Journey,2014,Cyprus,2014-10-17
19,La hija del Puma,1994,Sweden,1994-09-30
20,Geminis,2013,Spain,2013-09-20
21,The Scarlet Runner,1916,USA,1916-10-02
22,The Princess and the Frog,2009,Egypt,2009-12-30
23,The Airmail Mystery,1932,USA,1932-03-28
24,Ein Herz spielt falsch,1953,Mexico,1960-04-02
25,Selvmordsskolen,1964,Netherlands,1965-08-05
26,There's Only One Jimmy Grimble,2000,Belgium,2002-12-18
27,Deo pa-i-beu,2013,South Korea,2013-11-14
28,The Last Stand,2013,Peru,2013-01-31
29,Vanina oder Die Galgenhochzeit,1922,Denmark,1922-12-14
30,Henry Poole Is Here,2008,Lebanon,2008-10-09
31,Tristan + Isolde,2006,Ukraine,2006-02-09
32,Rich and Famous,1981,Portugal,1982-05-21
33,Les yeux noirs,1935,Germany,1936-04-23
34,The Forest,2016,Netherlands,2016-03-17
35,Fanatisme,1934,Finland,1939-08-06
36,Orphan,2009,Mexico,2009-09-04
37,X: First Class,2011,India,2011-06-10
38,ParaNorman,2012,Argentina,2012-10-25
39,Hickey & Boggs,1972,Norway,1973-05-21
40,The Book of Revelation,2006,Australia,2006-09-07
41,Sams in Gefahr,2003,Austria,2003-12-12
42,La pianiste,2001,Argentina,2001-09-20
43,The Alamo,1960,Denmark,1961-10-30
44,A Dog of Flanders,1999,Australia,2008-09-03
45,You Only Live Twice,1967,Brazil,1967-10-02
46,Agnes Browne,1999,Israel,2000-06-01
47,The Elephant Man,1980,USA,1980-10-10
48,Nothing Personal,1980,Sweden,1981-04-21
49,Classmates,1924,Japan,1925-11-20
50,Centurion,2010,Brazil,2010-11-26
51,Ezhu Sundara Rathrikal,2013,India,2013-12-20
52,The Dictator,2012,Uruguay,2012-07-20
53,Louder Than Bombs,2015,Portugal,2016-05-12
54,Gui lai,2014,Italy,2015-03-26
55,Verdens Undergang,1916,Denmark,1916-04-01
56,Wise Blood,1979,USA,1980-02-17
57,Enigma,2001,Greece,2002-02-08
58,The Goodbye Girl,1977,Australia,1978-02-01
59,L'ombre du doute,1993,UK,1994-08-26
60,Dava,2001,Turkey,2001-12-14
61,Night Raiders,1952,USA,1952-02-03
62,Love Is Strange,2014,Japan,2016-03-12
63,Straight Outta Compton,2015,Norway,2015-08-21
64,In Time,2011,Indonesia,2011-11-04
65,Tian zhu ding,2013,Greece,2014-03-13
66,Tinieblas,1957,Mexico,1957-05-02
67,La veuve de Saint-Pierre,2000,Finland,2001-03-09
68,Il giorno prima,1987,France,1988-03-16
69,Yip Man: Jung gik yat jin,2013,Japan,2013-09-28
70,The WormKillers' Last Spring,1994,USA,1994-05-28
71,The Virgin Suicides,1999,Finland,2000-10-27
72,Peter Gaya Kaam Se,2017,UK,2017-02-19
73,Charlie and the Chocolate Factory,2005,Kuwait,2005-08-24
74,Un air de famille,1996,Netherlands,1997-02-13
75,The American,2010,Japan,2011-07-02
76,Alles auf Anfang,1994,Germany,1994-05-26
77,Addams Family Values,1993,Portugal,1993-12-10
78,The Counselor,2013,Singapore,2013-11-28
79,Strawberry Shortcake: The Sweet Dreams Movie,2006,USA,2006-09-04
80,Secret Window,2004,Bahrain,2004-04-14
81,Dommens dag,1918,Denmark,1918-11-19
82,Don Giovanni,1979,West Germany,1980-03-16
83,Rendition,2007,Canada,2007-10-19
84,The Replacements,2000,South Korea,2000-11-18
85,You Again,2010,Turkey,2010-11-26
86,Musanilgi,2010,South Korea,2011-04-14
87,Buckaroo: The Movie,2005,USA,2011-05-10
88,Convoy,1978,West Germany,1978-08-10
89,Flubber,1997,Norway,1998-03-13
90,Princess O'Rourke,1943,Australia,1945-10-11
91,Gloria (II),2014,USA,2015-07-17
92,Agent Cody Banks,2003,Ireland,2003-07-25
93,Les enfants du placard,1977,France,1977-10-12
94,Underworld: Awakening,2012,Kazakhstan,2012-01-20
95,The Lincoln Lawyer,2011,Taiwan,2011-04-22
96,De color moreno,1963,Spain,1963-12-27
97,15 Minutes,2001,Iceland,2001-03-23
98,Central do Brasil,1998,Czech Republic,1999-05-13
99,The Aviator,2004,Singapore,2005-01-13
100,Voltaire,1933,USA,1933-08-05
101,At First Sight,1999,Germany,1999-06-10
102,The Conversation,1974,Japan,1974-11-23
103,Steelyard Blues,1973,Finland,1973-02-09
104,King of Jazz,1930,Hungary,1930-09-06
105,Se sei vivo spara,1967,Turkey,1968-07-08
106,Ferris Bueller's Day Off,1986,Brazil,1986-12-19
107,Albert,1998,Germany,2000-09-14
108,Hardcore Henry,2015,Latvia,2016-04-22
109,Year of the Dragon,1985,Finland,1986-01-10
110,La rosa di Bagdad,1949,Finland,1953-11-20
111,Anatomie de l'enfer,2004,France,2004-01-28
112,Magnificent Karatista,1969,Philippines,1969-01-22
113,Hysteria,2011,Ukraine,2011-12-01
114,Rosen-Resli,1954,West Germany,1954-05-04
115,BAgI,2011,Austria,2011-05-20
116,Sing Street,2016,Hungary,2016-08-18
117,D'Comeback,2010,USA,2010-03-10
118,The Calgary Stampede,1925,USA,1925-11-01
119,State Secret,1950,France,1950-11-10
120,Il cappello a tre punte,1935,Italy,1935-04-09
121,Percy Jackson & the Olympians: The Lightning Thief,2010,Philippines,2010-02-12
122,Le orientali,1960,Italy,1960-04-08
123,The Pirate,1948,Japan,1951-06-29
124,The Chicago 8,2011,USA,2012-09-14
125,The Island of Surprise,1916,USA,1916-01-24
126,The Black Tent,1956,Finland,1956-09-21
127,Xue jian leng ying bao,1980,Taiwan,1980-10-25
128,Murder in the First,1995,Denmark,1995-07-14
129,Godziny nadziei,1955,Poland,1955-05-09
130,Tran Trui,2010,Vietnam,2010-03-26
131,Strange Invaders,1983,Denmark,1985-05-20
132,Cooties,2014,Russia,2015-09-17
133,Cronies,2015,USA,2015-12-11
134,Wairudo 7,2011,Japan,2011-12-21
135,I compagni,1963,Argentina,1964-11-04
136,Home on the Range,2004,Finland,2004-09-24
137,Les combattants,2014,Greece,2015-05-07
138,Newton's 3rd Law,2011,India,2011-04-27
139,Wer wenn nicht wir,2011,Germany,2011-03-10
140,Harry Potter and the Order of the Phoenix,2007,Malta,2007-07-13
141,Killshot,2008,Ukraine,2009-05-07
142,4: Rise of the Silver Surfer,2007,South Africa,2007-06-22
143,Lost Horizon,1937,West Germany,1950-03-13
144,The Duchess,2008,Portugal,2009-01-29
145,Boy on a Dolphin,1957,Denmark,1958-05-26
146,Exodus,1960,Denmark,1961-11-03
147,The Art of Getting By,2011,Israel,2011-07-28
148,Making Love,1982,Denmark,1982-09-03
149,Brooklyn's Finest,2009,Canada,2010-03-05
150,La Traviata: Live from the Royal Opera House,2016,Japan,2016-03-05
151,Jackals,1986,Finland,1986-09-19
152,Beyza'nin Kadinlari,2006,Turkey,2006-03-17
153,Le vieil homme et l'enfant,1967,West Germany,1967-09-22
154,Sakim sa pag-ibig,2001,Philippines,2001-10-31
155,Remember the Titans,2000,Malaysia,2001-03-22
156,Her Accidental Husband,1923,USA,1923-04-16
157,Hot Tub Time Machine,2010,Estonia,2010-05-28
158,Prometheus,2012,Italy,2012-09-14
159,French Postcards,1979,France,1980-08-20
160,Le bonheur,1965,France,1965-02-10
161,Pathfinder,2007,Russia,2007-01-11
162,Amandus,1966,Slovenia,1966-03-02
163,Dobri stari pianino,1959,Yugoslavia,1959-06-13
164,"Ellery Queen, Master Detective",1940,USA,1940-11-30
165,Weiser,2001,Germany,2003-05-08
166,Two Lovers,1928,USA,1928-03-23
167,David and Lisa,1962,Denmark,1963-11-29
168,The X Files,1998,Bulgaria,1998-11-06
169,Hella W,2011,Finland,2011-01-28
170,The Stooge,1951,West Germany,1953-05-29
171,The Titfield Thunderbolt,1953,Spain,1955-10-24
172,His Pajama Girl,1920,USA,1920-05-10
173,To Paris with Love,1955,France,1956-04-18
174,Heights,2005,Turkey,2006-08-18
175,Im Geheimdienst,1931,Japan,1932-03-03
176,Zathura: A Space Adventure,2005,USA,2005-11-11
177,Zhelaniye,2010,Russia,2010-01-09
178,The Fighting Legion,1930,USA,1930-04-06
179,Simindis kundzuli,2014,Brazil,2015-11-19
180,Lew Tyler's Wives,1926,UK,1928-02-13
181,The Narrow Path,1918,USA,1918-12-15
182,Letting Go,1998,Germany,1998-05-18
183,Welcome to Collinwood,2002,Russia,2002-10-31
184,The Boy Next Door,2015,Indonesia,2015-02-04
185,Sagrado y obsceno,1975,Venezuela,1975-12-20
186,Eddie the Eagle,2016,Jordan,2016-02-25
187,My Girl,1991,Spain,1992-06-19
188,Dark City,1998,Greece,1998-11-12
189,Sex and the City,2008,Hungary,2008-06-05
190,Goldfinger,1964,Denmark,1964-12-26
191,2 Penkuttikal,2016,India,2016-01-22
192,The People Under the Stairs,1991,Ireland,1992-02-07
193,Den pobedy,2007,Russia,2007-05-03
194,One Day,2011,Israel,2011-08-18
195,The Boxer,1997,Netherlands,1998-02-19
196,Jalsa,2008,Kuwait,2008-04-03
197,Sepuluh,2009,Indonesia,2009-02-05
198,Stella,2008,Argentina,2010-06-03
199,Ruby,1992,USA,1992-03-27
200,Peur sur la ville,1975,Sweden,1975-09-08
201,16 Blocks,2006,Hungary,2006-07-13
202,Nothing Is Private,2007,Australia,2008-10-09
203,Insidious: Chapter 3,2015,Lithuania,2015-06-05
204,Amator,1979,Finland,1981-03-27
205,To Rome with Love,2012,Slovenia,2012-09-06
206,Candy,1968,Australia,1970-02-26
207,Changing Lanes,2002,Japan,2002-11-09
208,Davy Crockett and the River Pirates,1956,Hong Kong,1957-08-15
209,The Good Lie,2014,Argentina,2014-12-11
210,Hijrat,2016,Pakistan,2016-04-22
211,Hitchcock,2012,Hungary,2013-02-07
212,Crossroads,2014,USA,2014-02-01
213,Mistri,2004,Slovakia,2004-09-07
214,Die Nacht der Toten,1921,Germany,1921-02-17
215,Missing in Action 2: The Beginning,1985,USA,1985-03-01
216,Strings,2004,Belgium,2005-04-06
217,Batangueno Brothers,1964,Philippines,1964-04-28
218,Piccoli equivoci,1989,Italy,1989-05-19
219,Rollerball,2002,Norway,2002-05-10
220,Suspicion,1941,Sweden,1942-09-28
221,Scary Movie 3,2003,Finland,2004-02-06
222,Glory,1989,Australia,1990-03-01
223,Physical Evidence,1989,USA,1989-01-27
224,In a World...,2013,UK,2013-09-13
225,Zacne grzechy,1963,East Germany,1964-12-25
226,Miami Blues,1990,Netherlands,1991-09-13
227,Annie,2014,Kenya,2015-01-02
228,She's the Man,2006,Bulgaria,2006-04-21
229,Il 7 e l'8,2007,Italy,2007-03-16
230,Sis Hopkins,1941,UK,1941-09-01
231,Edna odiseya v Deliormana,1983,Bulgaria,1983-03-27
232,Superhero Movie,2008,Russia,2008-03-27
233,Le boulet,2002,Poland,2003-06-06
234,The Love Brand,1923,USA,1923-08-13
235,Two of a Kind,1983,West Germany,1984-10-26
236,Altars of Desire,1927,Denmark,1927-08-29
237,Jarhead,2005,Hungary,2006-01-05
238,The Do-Over,2016,Japan,2016-05-27
239,Oviedo Express,2007,Spain,2007-10-31
240,Anarkali,2015,India,2015-11-13
241,The Gift (VI),2015,Argentina,2015-10-08
242,Inside Llewyn Davis,2013,India,2014-01-10
243,Short Circuit,1986,Portugal,1987-07-09
244,No temas a la ley,1963,France,1963-08-02
245,Pozitia copilului,2013,Portugal,2014-03-27
246,Mai wei,2011,Japan,2012-01-14
247,The BFG,2016,Vietnam,2016-07-22
248,Teenage Mutant Ninja Turtles II: The Secret of the Ooze,1991,Portugal,1991-08-15
249,Chi se da feng bao,1990,Hong Kong,1990-03-03
250,The Last of the Fast Guns,1958,France,1958-10-08
251,Humraaz,2002,UK,2002-07-05
252,Malice,1993,Poland,1995-02-03
253,Carta al nino dios,2014,Colombia,2014-11-13
254,Los signos del zodiaco,1963,Mexico,1964-02-27
255,The Pagemaster,1994,Italy,1995-03-10
256,The Reaping,2007,Russia,2007-04-19
257,Zhi mo nu,1980,Taiwan,1980-11-08
258,Reifende Jugend,1933,USA,1936-01-03
259,Batman v Superman: Dawn of Justice,2016,Latvia,2016-03-25
260,West Side Story,1961,Hong Kong,1962-06-14
261,Trumbo,2015,South Korea,2016-04-07
262,Propazha svidetelya,1972,Hungary,1972-09-14
263,Blondie Plays Cupid,1940,USA,1940-10-31
264,The Citadel,1938,Finland,1939-03-19
265,The Beaver,2011,Hong Kong,2011-07-28
266,Shen mi xiong sha an,1962,Hong Kong,1962-10-31
267,I Could Never Be Your Woman,2007,Israel,2007-12-27
268,The Great Caruso,1951,Turkey,1952-01-21
269,The Inhabitants,2015,USA,2015-10-13
270,Fifty Shades of Black,2016,Latvia,2016-02-05
271,Rocky IV,1985,Hong Kong,1986-05-08
272,Things That Hang from Trees,2006,USA,2006-03-11
273,Axinla ashagi,2014,Czech Republic,2014-07-10
274,A Man's Past,1927,Finland,1928-02-13
275,Zivot je cudo,2004,Israel,2004-07-09
276,Ye ji qing,1989,Hong Kong,1989-12-07
277,Romeo Ranjha,2014,India,2014-05-16
278,Without a Clue,1988,Japan,1990-07-21
279,Timeline,2003,Portugal,2004-03-18
280,Earth Girls Are Easy,1988,Ireland,1990-02-09
281,Marcantonio e Cleopatra,1913,Denmark,1914-04-16
282,The Imaginarium of Doctor Parnassus,2009,Spain,2009-10-23
283,On n'enterre pas le dimanche,1960,Denmark,1961-01-16
284,Viktoria: A Tale of Grace and Greed,2014,Hungary,2014-10-02
285,"I, Madman",1989,South Korea,1990-06-23
286,Maai hung paak yan,2001,Hong Kong,2001-08-16
287,The Big Lebowski,1998,Czech Republic,1998-07-23
288,Don Gabriel,1966,Poland,1966-09-01
289,Alpha and Omega,2010,Hungary,2010-10-21
290,Bajo el signo de la patria,1971,Argentina,1971-05-20
291,Joe Dirt,2001,Iceland,2001-11-23
292,In the Soup,1992,Germany,1992-08-13
293,Dodgeball: A True Underdog Story,2004,Brazil,2004-10-22
294,The Delta Factor,1970,Sweden,1976-09-13
295,Power Rangers Annihilation,2014,USA,2016-07-30
296,The Monuments Men,2014,Republic of Macedonia,2014-02-13
297,The Minx,1969,Sweden,1971-09-20
298,Charlie St. Cloud,2010,Portugal,2010-10-07
299,Masters,2012,Kuwait,2012-04-19
300,Hurricane,1929,UK,1930-06-06
301,Le chat,1971,France,1971-04-24
302,Death List,2006,Malaysia,2007-09-17
303,Space Battleship Yamato,2010,Japan,2010-12-01
304,Ginza kankan musume,1949,Japan,1949-08-16
305,The New Teacher,1922,France,1924-11-14
306,Hana o kuu mushi,1967,Japan,1967-06-15
307,Vaatleja,1988,France,1990-11-14
308,The Princess and the Goblin,1991,Netherlands,1993-08-14
309,An Education,2009,Spain,2010-02-26
310,Mimi wo sumaseba,1995,Finland,2009-03-27
311,Run Fatboy Run,2007,Israel,2008-05-01
312,Eraser,1996,UK,1996-08-23
313,Curious George,2006,Italy,2006-06-23
314,Home Alone,1990,Sweden,1990-12-14
315,Tall Story,1960,France,1963-04-19
316,The Master Passion,1917,USA,1917-01-08
317,Revenge,1918,Denmark,1920-10-18
318,Once We Were Strangers,1997,Norway,2000-03-17
319,The Living Daylights,1987,South Korea,1989-02-04
320,Janis et John,2003,Mexico,2005-05-13
321,Gidget,1959,Sweden,1959-11-02
322,Perla w koronie,1972,Hungary,1972-11-16
323,Get Smart,2008,Germany,2008-07-17
324,Amour & turbulences,2013,Serbia,2013-09-12
325,Viva Villa!,1934,Finland,1934-11-29
326,The Kingdom,2007,Australia,2007-10-04
327,Campus Man,1987,USA,1987-04-10
328,To Paris with Love,1955,Portugal,1956-06-14
329,Crimson Peak,2015,Greece,2015-10-22
330,Nikita,1990,Portugal,1990-12-07
331,Saw III,2006,Taiwan,2006-10-28
332,One Foot in One Foot Out,2009,USA,2009-09-08
333,50 First Dates,2004,Kenya,2004-04-23
334,Boxing Helena,1993,USA,1993-09-03
335,Les parapluies de Cherbourg,1964,Argentina,1964-11-25
336,Sagupaan!,1969,Philippines,1969-02-18
337,Ang agila at ang araw,1973,Philippines,1973-06-17
338,Otoko wa tsurai yo: Torajiro aiaigasa,1975,USA,1977-06-12
339,Lights Out (II),2016,Thailand,2016-07-21
340,Skyscraper Souls,1932,Portugal,1935-09-09
341,Ms .45,1981,France,1982-08-18
342,Fun Size,2012,Ireland,2012-10-29
343,...All the Marbles,1981,Denmark,1982-04-23
344,Wendy and Lucy,2008,Germany,2009-10-22
345,Birth of the Blues,1941,Finland,1946-05-30
346,Es war eine rauschende Ballnacht,1939,France,1940-09-27
347,Bai jia zai,1952,Hong Kong,1952-12-12
348,Howards End,1992,UK,1992-05-01
349,The Rite,2011,Luxembourg,2011-07-13
350,Magik,2016,Canada,2016-12-25
351,Highlander: The Source,2007,Philippines,2007-10-17
352,Mrs Sen,2013,India,2013-06-07
353,Victor Frankenstein,2015,Peru,2015-11-26
354,The Young Doctors,1961,Denmark,1962-06-14
355,Edge of Darkness,2010,South Africa,2010-05-07
356,Herbie Fully Loaded,2005,Italy,2005-08-26
357,Da di yong shi,1980,Taiwan,1980-10-23
358,What a Girl Wants,2003,Panama,2003-08-22
359,Anonymous,2011,Slovenia,2011-11-10
360,Decision at Sundown,1957,Finland,1958-04-04
361,No Reservations,2007,Chile,2007-08-23
362,Emperor,2012,Sweden,2013-09-06
363,Blood Simple.,1984,Hong Kong,1986-04-18
364,Tulitikkuja lainaamassa,1938,Finland,1938-01-30
365,A Winter Rose,2014,USA,2014-11-20
366,Just Dance 3: The Last Year,2015,Portugal,2015-07-06
367,Pas d'histoires!,2001,France,2001-01-17
368,Las voces de la noche,2003,Spain,2004-02-27
369,Sen no kaze ni natte,2004,Japan,2004-07-31
370,12 stulev,1971,Finland,1972-03-10
371,Executive Target,1997,Hong Kong,1997-10-16
372,Born to Battle,1935,USA,1935-04-01
373,Code of Silence,1985,Sweden,1985-10-25
374,Kein Mann zum Heiraten,1959,Austria,1960-01-08
375,Ori okeanis saidumloeba,1957,Japan,1961-03-07
376,Un flic,1972,France,1972-10-25
377,Tales from the Darkside: The Movie,1990,Netherlands,1991-11-29
378,The Sheltering Sky,1990,UK,1990-11-30
379,Rachel and the Stranger,1948,Japan,1950-03-12
380,Final Destination 5,2011,Finland,2011-09-16
381,Star Trek: Nemesis,2002,Finland,2003-03-28
382,Paulie,1998,South Africa,1998-07-10
383,Double Trouble,1967,Argentina,1967-08-11
384,Anadolu ekspresi,1974,Turkey,1974-01-01
385,The Trail of '98,1928,Ireland,1929-08-02
386,Mask of Dust,1954,Denmark,1956-01-23
387,Ratatouille,2007,Lithuania,2007-08-17
388,Fighter Sheela,1972,India,1972-01-01
389,Vertigo,1958,Argentina,1959-03-05
390,Edge of Tomorrow,2014,Portugal,2014-05-29
391,The Family,2013,Serbia,2013-11-14
392,Comandamenti per un gangster,1968,Italy,1968-05-22
393,Girls Will Be Girls,2003,France,2006-07-05
394,Hooligans,2005,Slovakia,2006-06-01
395,Steel,1979,West Germany,1979-08-02
396,Madrid,1987,Spain,1987-03-18
397,M'sieur la Caille,1955,Japan,1959-10-12
398,Delivery: En Melodious,2007,USA,2007-11-23
399,Ky uc Dien Bien,2004,Vietnam,2004-04-25
400,The Dawn Patrol,1938,Italy,1945-10-25
401,Journey to the Center of the Earth,2008,Belgium,2008-11-12
402,In Their Skin,2012,Kuwait,2013-03-28
403,"All This, and Heaven Too",1940,Brazil,1940-07-28
404,Damien: Omen II,1978,West Germany,1978-10-27
405,Ex Machina,2015,UK,2015-01-21
406,Lost Highway,1997,Ireland,1997-08-29
407,Something's Gotta Give,2003,Spain,2004-02-13
408,Zakon Antarktidy,1963,Mexico,1968-03-28
409,They Call Me Mister Tibbs!,1970,USA,1970-07-10
410,The Witness,2012,Philippines,2012-03-21
411,Iron Sky,2012,Denmark,2012-04-19
412,Men of Respect,1990,UK,1992-02-28
413,The Twilight Saga: Eclipse,2010,Argentina,2010-07-01
414,Jie hun,1985,Taiwan,1985-10-10
415,An American Romance,1944,Finland,1945-11-25
416,A Smile Like Yours,1997,Netherlands,1997-09-25
417,Penthouse North,2013,Singapore,2013-06-06
418,Hyn huet ching nin,2002,Hong Kong,2002-10-25
419,Gyurkovicsarna,1920,Finland,1920-12-27
420,Raggedy DemAnn,2012,USA,2012-02-18
421,The Wrestler,2008,Portugal,2009-02-26
422,Blended,2014,Belgium,2014-06-11
423,De Bende van Urk,2014,Netherlands,2014-06-20
424,Pengapit,2014,Malaysia,2014-10-09
425,The Devil Inside,2012,France,2012-02-22
426,Ich bin kein Casanova,1959,Denmark,1960-09-26
427,The Country Doctor,1936,Sweden,1936-04-14
428,Raja Aur Rangeeli,1996,India,1996-05-08
429,Bride for Sale,1949,Sweden,1950-03-27
430,La terra promessa,1913,France,1913-06-06
431,Memoirs of a Geisha,2005,Bulgaria,2006-02-26
432,Piccadilly,1929,Portugal,1930-05-19
433,Painted Faces,1929,USA,1929-11-20
434,National Treasure: Book of Secrets,2007,Singapore,2007-12-20
435,El orfanato,2007,UK,2008-03-21
436,Tusen ganger god natt,2013,Mexico,2016-01-08
437,Le grand jeu,1954,Portugal,1954-12-15
438,Heart,1999,France,1999-07-21
439,Bridesmaids,2011,Brazil,2011-09-23
440,The Interpreter,2005,Hungary,2005-04-14
441,Gremlins 2: The New Batch,1990,France,1990-08-22
442,Mans draugs - nenopietns cilveks,1977,Soviet Union,1977-02-14
443,Lazhovni istorii,1977,Bulgaria,1977-06-10
444,No Safe Haven,1987,West Germany,1987-07-02
445,Stukas,1941,Finland,1941-10-19
446,Salt,2003,Germany,2003-09-04
447,La cantante de tango,2009,France,2011-04-06
448,Midnight Cowboy,1969,Brazil,1969-06-16
449,Bhai,2013,Singapore,2013-10-26
450,John Wick: Chapter Two,2017,Israel,2017-02-09
451,Anthony Zimmer,2005,Hungary,2006-06-08
452,The Exterminator,1980,France,1982-02-24
453,Shrek the Third,2007,Taiwan,2007-06-15
454,The School of Rock,2003,Canada,2003-10-03
455,Le schiave di Cartagine,1956,Portugal,1958-04-25
456,She Wants Me,2012,Spain,2012-12-08
457,Old San Francisco,1927,Denmark,1929-07-15
458,Ziteitai pseftis,2010,Greece,2010-12-23
459,Universal Soldier: The Return,1999,Malaysia,1999-07-10
460,Gimme Shelter,1986,Japan,1986-10-28
461,Identity,2003,Egypt,2003-06-11
462,Two Bits,1995,Portugal,1996-07-19
463,Shan zha shu zhi lian,2010,Singapore,2011-02-10
464,Liebe in drei Dimensionen,1973,West Germany,1973-01-26
465,Twilight Zone: The Movie,1983,Netherlands,1984-01-19
466,Kynodontas,2009,Norway,2010-07-23
467,Night and Day,1946,Portugal,1948-03-15
468,Hartenstrijd,2016,Netherlands,2016-10-27
469,A Countess from Hong Kong,1967,Portugal,1968-12-25
470,Humanity,1933,USA,1933-03-03
471,Pentathlon,1994,Brazil,1996-01-06
472,Ki no umi,2004,Japan,2005-06-25
473,Saturday Night Fever,1977,Venezuela,1978-04-19
474,The School of Rock,2003,Hong Kong,2004-03-04
475,Beyond the Caribbean,1936,Sweden,1947-03-17
476,Catene,1949,France,1951-03-16
477,O.S.S. 117 n'est pas mort,1957,Finland,1958-08-29
478,Best of the Badmen,1951,Japan,1952-08-06
479,Pardon My Sarong,1942,Austria,1948-07-16
480,Sdvig,2006,Belarus,2006-02-23
481,"Taxi, un encuentro",2001,Germany,2002-05-30
482,Mirzi,1914,Denmark,1914-01-17
483,Wondrous Oblivion,2003,Portugal,2004-09-02
484,Babbelkous,1974,South Africa,1974-06-20
485,Under Siege 2: Dark Territory,1995,South Korea,1995-08-05
486,Les disparus de St. Agil,1938,Denmark,1940-05-27
487,Pushover,1954,Finland,1955-01-21
488,Paris,2008,Turkey,2008-10-24
489,Gentleman,1989,India,1989-07-28
490,From Russia with Love,1963,Japan,1964-04-25
491,Wishmaster,1997,Ireland,1998-05-29
492,Le charme discret de la bourgeoisie,1972,West Germany,1973-04-20
493,The Last Exorcism,2010,Russia,2010-09-09
494,Inspector Hornleigh Goes to It,1941,Portugal,1944-11-20
495,Mil gritos tiene la noche,1982,Italy,1982-10-08
496,Tumaku Paruni Ta Bhuli,2007,India,2007-12-12
497,Will Success Spoil Rock Hunter?,1957,Finland,1958-01-31
498,The Third Man,1949,Portugal,1950-03-03
499,28 Hotel Rooms,2012,Netherlands,2013-08-01
